<?xml version="1.0" encoding="UTF-8"?>
<GenRun Id="system_fir_0_1_synth_1" LaunchPart="xc7z010clg400-1" LaunchTime="1761844976">
  <File Type="RDS-PROPCONSTRS" Name="system_fir_0_1_drc_synth.rpt"/>
  <File Type="PA-TCL" Name="system_fir_0_1.tcl"/>
  <File Type="RDS-RDS" Name="system_fir_0_1.vds"/>
  <File Type="RDS-UTIL" Name="system_fir_0_1_utilization_synth.rpt"/>
  <File Type="RDS-UTIL-PB" Name="system_fir_0_1_utilization_synth.pb"/>
  <File Type="RDS-DCP" Name="system_fir_0_1.dcp"/>
  <File Type="VDS-TIMINGSUMMARY" Name="system_fir_0_1_timing_summary_synth.rpt"/>
  <File Type="VDS-TIMING-PB" Name="system_fir_0_1_timing_summary_synth.pb"/>
  <FileSet Name="sources" Type="BlockSrcs" RelSrcDir="$PSRCDIR/system_fir_0_1">
    <File Path="$PSRCDIR/sources_1/bd/system/ip/system_fir_0_1/system_fir_0_1.xci">
      <FileInfo>
        <Attr Name="ImportPath" Val="$PPRDIR/../../../../../../../../Documents/RealTimeAudioSystemCode/audio/audio.srcs/sources_1/bd/system/ip/system_fir_0_1/system_fir_0_1.xci"/>
        <Attr Name="ImportTime" Val="1761844930"/>
        <Attr Name="UsedIn" Val="synthesis"/>
        <Attr Name="UsedIn" Val="implementation"/>
        <Attr Name="UsedIn" Val="simulation"/>
      </FileInfo>
    </File>
    <Config>
      <Option Name="TopModule" Val="system_fir_0_1"/>
      <Option Name="UseBlackboxStub" Val="1"/>
    </Config>
  </FileSet>
  <FileSet Name="constrs_in" Type="BlockSrcs" RelSrcDir="$PSRCDIR/system_fir_0_1">
    <File Path="$PSRCDIR/sources_1/bd/system/ip/system_fir_0_1/system_fir_0_1.xci">
      <FileInfo>
        <Attr Name="ImportPath" Val="$PPRDIR/../../../../../../../../Documents/RealTimeAudioSystemCode/audio/audio.srcs/sources_1/bd/system/ip/system_fir_0_1/system_fir_0_1.xci"/>
        <Attr Name="ImportTime" Val="1761844930"/>
        <Attr Name="UsedIn" Val="synthesis"/>
        <Attr Name="UsedIn" Val="implementation"/>
        <Attr Name="UsedIn" Val="simulation"/>
      </FileInfo>
    </File>
    <Config>
      <Option Name="TopModule" Val="system_fir_0_1"/>
      <Option Name="UseBlackboxStub" Val="1"/>
    </Config>
  </FileSet>
  <Strategy Version="1" Minor="2">
    <StratHandle Name="Vivado Synthesis Defaults" Flow="Vivado Synthesis 2017"/>
    <Step Id="synth_design"/>
  </Strategy>
</GenRun>
