<?xml version="1.0" encoding="UTF-8"?>
<GenRun Id="system_axi_gpio_2_0_synth_1" LaunchPart="xc7z010clg400-1" LaunchTime="1761845374">
  <File Type="RDS-PROPCONSTRS" Name="system_axi_gpio_2_0_drc_synth.rpt"/>
  <File Type="PA-TCL" Name="system_axi_gpio_2_0.tcl"/>
  <File Type="RDS-RDS" Name="system_axi_gpio_2_0.vds"/>
  <File Type="RDS-UTIL" Name="system_axi_gpio_2_0_utilization_synth.rpt"/>
  <File Type="RDS-UTIL-PB" Name="system_axi_gpio_2_0_utilization_synth.pb"/>
  <File Type="RDS-DCP" Name="system_axi_gpio_2_0.dcp"/>
  <File Type="VDS-TIMINGSUMMARY" Name="system_axi_gpio_2_0_timing_summary_synth.rpt"/>
  <File Type="VDS-TIMING-PB" Name="system_axi_gpio_2_0_timing_summary_synth.pb"/>
  <FileSet Name="sources" Type="BlockSrcs" RelSrcDir="$PSRCDIR/system_axi_gpio_2_0">
    <File Path="$PSRCDIR/sources_1/bd/system/ip/system_axi_gpio_2_0/system_axi_gpio_2_0.xci">
      <FileInfo>
        <Attr Name="ImportPath" Val="$PPRDIR/../../../../../../../../Documents/RealTimeAudioSystemCode/audio/audio.srcs/sources_1/bd/system/ip/system_axi_gpio_2_0/system_axi_gpio_2_0.xci"/>
        <Attr Name="ImportTime" Val="1761845349"/>
        <Attr Name="UsedIn" Val="synthesis"/>
        <Attr Name="UsedIn" Val="implementation"/>
        <Attr Name="UsedIn" Val="simulation"/>
      </FileInfo>
    </File>
    <Config>
      <Option Name="TopModule" Val="system_axi_gpio_2_0"/>
      <Option Name="UseBlackboxStub" Val="1"/>
    </Config>
  </FileSet>
  <FileSet Name="constrs_in" Type="BlockSrcs" RelSrcDir="$PSRCDIR/system_axi_gpio_2_0">
    <File Path="$PSRCDIR/sources_1/bd/system/ip/system_axi_gpio_2_0/system_axi_gpio_2_0.xci">
      <FileInfo>
        <Attr Name="ImportPath" Val="$PPRDIR/../../../../../../../../Documents/RealTimeAudioSystemCode/audio/audio.srcs/sources_1/bd/system/ip/system_axi_gpio_2_0/system_axi_gpio_2_0.xci"/>
        <Attr Name="ImportTime" Val="1761845349"/>
        <Attr Name="UsedIn" Val="synthesis"/>
        <Attr Name="UsedIn" Val="implementation"/>
        <Attr Name="UsedIn" Val="simulation"/>
      </FileInfo>
    </File>
    <Config>
      <Option Name="TopModule" Val="system_axi_gpio_2_0"/>
      <Option Name="UseBlackboxStub" Val="1"/>
    </Config>
  </FileSet>
  <Strategy Version="1" Minor="2">
    <StratHandle Name="Vivado Synthesis Defaults" Flow="Vivado Synthesis 2017"/>
    <Step Id="synth_design"/>
  </Strategy>
</GenRun>
